'0mar',
 '100Kin10',
 '119',
 '1stOncology',
 '20freetobe20',
 '268Weather',
 '2haveandhavenot',
 '2legit2quit',
 '3Hearts',
 '4mole93',
 '80',
 '@10WallStreet',
 '@CitrusRamaphosa',
 '@CoreenaSuares',
 '@JoannaMMeyer',
 '@Paul',
 '@PsAMermaid',
 '@SAgovnews',
 '@SheisAengel',
 '@Tabbyday',
 '@WhatsYourViews',
 '@agoodin3',
 '@arayeremian',
 '@chessnotes',
 '@jai',
 '@letusrevolt',
 '@luncheonham',
 '@megtee',
 '@risingspiriteh',
 '@shalinisharma87',
 '@tm',
 'AAA',
 'ACM',
 'ADAM',
 'ADC',
 'ADV',
 'AF',
 'AGGonzalo',
 'AGuyinDCity',
 'AIPSN',
 'AJ',
 'AK',
 'AKA',
 'ALPA',
 'ANJAN',
 'APK',
 'APoliticalView',
 'AR',
 'ARJUN',
 'AS',
 'ASHIL',
 'ASHOK',
 'ATASC',
 'ATN',
 'AVALON',
 'AaMaldives',
 'Aadarniya',
 'Aak',
 'Aakarsh',
 'Aakashwani',
 'Aamir',
 'Aashay',
 'Aashish',
 'Aati',
 'Abbas',
 'Abby',
 'Abdul',
 'Abdulquadri',
 'Abeer',
 'Abhi',
 'Abhinav',
 'Abhishek',
 'Abwas',
 'AcceGen',
 'Ace_Trades',
 'Acidtate',
 'ActivistBowen',
 'Adam',
 'Adityavikram',
 'AdminXXX',
 'Adrian',
 'Advix',
 'Aethonaia',
 'Afang',
 'Afrobodies',
 'Agastya',
 'Agragami',
 'Aiii',
 'Aijay',
 'Aishani',
 'AislingL',
 'Aja',
 'Ajay',
 'Akash',
 'AlCircle',
 'AlShorts',
 'Alanna',
 'Albert',
 'AlbertReport',
 'Aldo',
 'Alecia',
 'Alejandro',
 'Alen',
 'Alex',
 'Alex777',
 'Alexa',
 'Alexander',
 'Alexandra',
 'Alexis',
 'Alexis_Rose',
 'Ali_Baluch',
 'AliceE',
 'Alicia',
 'Alicia1984',
 'Alison',
 'Alkor',
 'Allie',
 'Allissa',
 'Ally',
 'AlmostHuman',
 'Aloe',
 'Alphipps64',
 'Alvi',
 'Alzibub',
 'Amaan',
 'Amaizuskitchen',
 'Aman',
 'Amanda',
 'Amazing',
 'AmbRusSenegal',
 'Amelia',
 'Ameya',
 'Amin',
 'Amit',
 'Ammar',
 'Amrita',
 'Amu',
 'Amy',
 'AmyMorton',
 'Amyk525',
 'Anahita',
 'Ananova',
 'Anastasia',
 'Andicg',
 'Andrea',
 'Andreas',
 'Andrew',
 'AndrewSelsky',
 'Andrey',
 'AndruxFlux',
 'Andy',
 'Andyh',
 'Ane',
 'Angel',
 'Angela',
 'Angelica',
 'Angelii',
 'AngieMoreschi',
 'Angryfrog',
 'Anik',
 'Aniruddha',
 'Anisha',
 'Ankit',
 'Ankush',
 'Ann',
 'Anna',
 'Annabel',
 'Anon',
 'Anonymous_Love',
 'Anoop',
 'Anthony',
 'Anti_Dana',
 'Anu',
 'AnyNews',
 'Ape',
 'Apneet',
 'Aqeel3990',
 'AraLu3n',
 'Aram',
 'Aravindha',
 'Argumentum',
 'Ariel',
 'Arin',
 'Aristotle2000',
 'Arkantos',
 'Armando',
 'Arnd',
 'Aroguden',
 'Arold',
 'Arturo',
 'Aruj',
 'Arun',
 'Arunava',
 'AryanKumar',
 'AshDubey_',
 'Ashley',
 'Ashpaf',
 'Ashu',
 'AshuDdn',
 'Ashwath',
 'Asif',
 'Askme',
 'Aslam',
 'AspireNowGlobal',
 'Asterisk',
 'Atlantide',
 'AtomicReality',
 'Auxipress',
 'Avaaz24',
 'Avecmavoix',
 'Avengers',
 'Avi',
 'Avinash',
 'Awanti',
 'Ax',
 'Axeyked',
 'Aziz',
 'BARRINGTON',
 'BASU',
 'BG',
 'BIZBRIDGE',
 'BLCK',
 'BOBSQUAD',
 'BOMBHAAT',
 'BTCMANAGER',
 'Babita',
 'BabyCaps',
 'BadMammaJamma3',
 'Bahrainthisweek',
 'BakersDozen',
 'Balaji',
 'BallackSRFC',
 'Ballark',
 'Bambi',
 'Banky',
 'Barb',
 'BarbB',
 'BartDay',
 'BatesHennington',
 'Bav',
 'Beallucanb',
 'Bear',
 'BearHugger',
 'Becca',
 'Becky',
 'BeckyIB',
 'Beecat',
 'Beeej',
 'Beenjammin',
 'Beetlegirl',
 'Behn90',
 'BeingIndian',
 'BeingWellPub',
 'Being_political',
 'Beingbakchod',
 'Beleaver',
 'BellaB',
 'Belu',
 'BenAris',
 'BenarNews',
 'Bernado',
 'BertMartinez',
 'BethMessler',
 'Bex',
 'Bharat',
 'BharatBiotech',
 'BharatVanshi',
 'Bharatam',
 'Bharath',
 'BharathY',
 'Bharatheey',
 'Bharatvasi',
 'Bhardwaj',
 'Bhartiya',
 'BigFootjerky',
 'BigTechtopia',
 'Biisnu',
 'BindassBox',
 'BioDrivers',
 'BioGeeks',
 'BioVoice',
 'Bipasha',
 'BkWealth1',
 'Blaccinated',
 'BlackMagic',
 'Blank',
 'Blauspecht',
 'Blitzkrieg',
 'BloombergQuint',
 'Bluejaycity22',
 'Bob',
 'Bobbi',
 'Bobby',
 'BobbyRettew',
 'Bogart',
 'BohemianAmazon',
 'Boldsky',
 'Bono',
 'Boo',
 'BooksbyElle',
 'BopoH',
 'Bostonmyk',
 'Bradley',
 'BrainCancerBabe',
 'Brandi',
 'Bratby',
 'Brenda',
 'Brian',
 'BrianDude',
 'Brianne',
 'BrindusaB',
 'Brittney',
 'BrnoNewsCTV',
 'Brontide',
 'Brookelyn',
 'BrowseMode',
 'Bruce',
 'Brumboclart',
 'Bryan',
 'BuildMyBod',
 'Bundoo',
 'Burberrypancake',
 'BuyHoldSell',
 'BuyLowSellHigh',
 'Bygones',
 'C6H12O6',
 'CAMA',
 'CAROLINE',
 'CAT',
 'CATIE',
 'CB',
 'CBCAElite1',
 'CBPartners',
 'CBTX',
 'CCC',
 'CCTSI',
 'CFTNI',
 'CGTN',
 'CGWatson',
 'CHASI',
 'CHRISTEENITH',
 'CIPPSPORT',
 'CJ',
 'CKahuki',
 'CM',
 'CMB',
 'CMSSChicago',
 'COLONDOC',
 'COSmama',
 'CPierceUK',
 'CTech',
 'Cair',
 'CaliPolKid',
 'Calif',
 'CallMeSour',
 'Candice',
 'Canthama1',
 'CapitalVia',
 'Captain_obvious',
 'CarlCordova',
 'Carla',
 'Carmen',
 'Carolina',
 'Caroline',
 'Carrie',
 'Carson',
 'CartoVista',
 'Caspineft',
 'Cass',
 'Cassandra',
 'Catherine',
 'CatholicMasses',
 'Cathy',
 'Chad',
 'Chaitanya',
 'Chakams',
 'Chanakyaa',
 'Chantelle',
 'Charles',
 'Charlotte',
 'Charmie',
 'Checkowski',
 'Cheetoz',
 'Chelsea',
 'CherryZee',
 'Chheng',
 'Chidambaram',
 'Chiguy',
 'ChinaAfricaBlog',
 'ChinaObservers',
 'Chirag',
 'Chivorn',
 'Chris',
 'ChrisW',
 'Chrisann',
 'Chrissie',
 'Christian',
 'Christina',
 'Christine',
 'Christopher',
 'ChuyGas',
 'Ciaran',
 'Cin',
 'Cindy',
 'Cinzia',
 'CityMouse',
 'CitySpidey',
 'Clare',
 'Claude',
 'Claudia',
 'Clh',
 'Climate46304220',
 'Clint_u_know',
 'CltDogMom',
 'Cmra1997',
 'Cnuga',
 'CoachBSR',
 'Cobweb',
 'Coconuts',
 'Cody',
 'ColMarie17',
 'Colin',
 'Common_Nonsense',
 'ConnectGujarat',
 'Conner',
 'Connie',
 'Conny',
 'Conor',
 'Consultant360',
 'Contagion',
 'ContraApostasia',
 'ConverCiti',
 'Coralie',
 'CoronaBuzz',
 'CorpWatch',
 'Cosmological',
 'CountryMouse',
 'Courry',
 'Courtney',
 'Couts',
 'Cowslip',
 'Crag',
 'Creation',
 'Cressida',
 'Cricketbolo',
 'CringeQueen',
 'Crissy',
 'Crossover',
 'CrySSy',
 'Crypto2win',
 'CryptoGirl',
 'CuraPatient',
 'Curly',
 'Current__Events',
 'Cv2Job',
 'Cyble',
 'CyclingFan',
 'DASNY',
 'DBentoBox',
 'DC',
 'DGAP',
 'DHAmerican',
 'DIPANKAR',
 'DLB',
 'DMGAZ',
 'DNA',
 'DNicest',
 'DOCKROOT',
 'DPS',
 'DPZ',
 'DRK',
 'DW',
 'DY365',
 'DaCon',
 'DaGiNoBinO',
 'Dabangg',
 'Daebak',
 'DailyClout',
 'DailyFT',
 'DailyMirror',
 'DailyNewsPK',
 'DailyO',
 'Dakoda',
 'Dale',
 'Damini',
 'Dan',
 'DanRyanCOIOS',
 'Danalee30117',
 'Danish',
 'DannyZ',
 'Daoyu',
 'Darpan',
 'Darren',
 'DashingClaire',
 'DataBaaz',
 'DavaraTumblr',
 'Davesthinking',
 'David',
 'David_in_DC',
 'Dax',
 'Debanath',
 'Dee',
 'Defend2020',
 'Del',
 'DenMark',
 'Denise',
 'Dennis ',
 'DerMensch',
 'Derec',
 'Derrick',
 'DeshMitr',
 'Desiree',
 'Dev',
 'Devasena',
 'Devdiscourse',
 'Devex',
 'Dharma',
 'Dharmic',
 'DianeGoldstein',
 'DiaryPandemic',
 'DickStone',
 'DigBoston',
 'Diggz',
 'Digpu',
 'Dina',
 'Dionsy',
 'Diplomacy140',
 'Ditch',
 'Diwakar',
 'DocFlying',
 'Doctor',
 'Dogood',
 'DogsHateBoots',
 'DomJ1',
 'DomTheBoss',
 'Donald',
 'DonnaBinet',
 'Dori',
 'Dosabandit',
 'DoubleSixx',
 'Douglas',
 'Dow',
 'DrAlaMahamid',
 'DrMkr',
 'Dr_Will_Mushi',
 'DreamThatWorks',
 'Dreams2Reality',
 'Dreographic',
 'Drew007',
 'Drizzy',
 'Drovorub',
 'Drpinky',
 'Drumkoon',
 'DukeGHIC',
 'Dukedevil',
 'Duranta',
 'Dylan',
 'Dzr',
 'EATegrity',
 'ECOMNEWSMED',
 'ECVOntario',
 'EDB',
 'EDR',
 'EPIDATUM',
 'ERPIC',
 'ERRANT',
 'ETC',
 'ETCIO',
 'EURACTIV',
 'EUobserver',
 'EVILK',
 'EZDay4U',
 'Earthling',
 'EastMojo',
 'Easyraider',
 'Eb',
 'Ed',
 'Eddie',
 'Edex',
 'Edina',
 'Eeyore',
 'Elckerlyc',
 'Eleanor',
 'Elfie',
 'EliezerKing',
 'Elio',
 'Elizabeth',
 'ElizabethMD',
 'Ellen',
 'Ellie',
 'Elmal96',
 'Elmar',
 'Emancipate',
 'Emma',
 'Emma_King001',
 'Emmanuel',
 'Emran',
 'Emranism',
 'EnemyAI',
 'EnterpriseAI',
 'Entertales',
 'Envirogirl2',
 'EpidemioLakshmy',
 'EquityPandit',
 'Eric',
 'Erica',
 'EricaD',
 'EricaU',
 'Erik',
 'ErikToddDellums',
 'EsadeGeo',
 'Escavo',
 'EsmeIngram',
 'Esta',
 'Estebantz',
 'Estevan95xo',
 'Esuene',
 'Ethelred',
 'Eureka',
 'Evangeline',
 'Evenflow11',
 'Evenpolitics',
 'EverythingGP',
 'Excalibur',
 'FG',
 'FILMYNO',
 'FITME',
 'FOLAS3',
 'FREEDOM',
 'FXBRO',
 'FacenFacts',
 'FalklandsinUK',
 'Famers',
 'Farhan',
 'FaridAzar',
 'Fashion',
 'Fearless',
 'FedUpWitGop',
 'Felix',
 'Fena',
 'Fergie',
 'Ferguson',
 'Fernando',
 'Ferucho',
 'FightingBack',
 'FinanceTweeter',
 'FinancialXpress',
 'Fiona',
 'FireflyPower',
 'Firstpost',
 'Flash',
 'FlatLiner',
 'FlightMode',
 'Floricua',
 'Florida',
 'Flowella',
 'FoodBevMedia',
 'For_ma',
 'FoxMulder944',
 'Fran',
 'Franakapan',
 'Frank',
 'Frankie',
 'Franky',
 'Frederick',
 'FreeKazakhs',
 'FreePalestine',
 'FreeThinker',
 'FreeYourMind',
 'Freeflip',
 'Freya',
 'FriendlyMony',
 'Frissian',
 'Fruto',
 'Furfuroll',
 'Future',
 'FutureGhost',
 'G',
 'GA',
 'GANESH',
 'GANNMarkets',
 'GILBERT',
 'GIPIT',
 'GJ',
 'GRIPLESS',
 'GUNNER',
 'Gail',
 'Gaill',
 'GameChanger',
 'Gandhara',
 'Ganeshan',
 'Garajj',
 'Garrett',
 'Garry365',
 'Gaurang',
 'Gav',
 'Gaz',
 'Gazman',
 'GeekinfoNow',
 'Gekko2010',
 'Gemma',
 'GeneOnline',
 'Geneline',
 'Geoffo',
 'Georgie',
 'GetVaccinated',
 'GhanaTalksRadio',
 'GhoseSpot',
 'Gina',
 'Ginger',
 'GingerDoss',
 'GiovanniG',
 'GizArena',
 'Gladdest',
 'GlendaChong',
 'Glez',
 'Glittergrrrl',
 'GoNewsIndia',
 'Godjack',
 'GoldenSunshine',
 'GoodNewsCovid19',
 'Gordon',
 'Gorokizu',
 'Gort',
 'Gracie_Green',
 'GrandmaBentley',
 'Granth',
 'Grasshopper',
 'GreatGameIndia',
 'Greedychops',
 'Gregory',
 'GrugbyG',
 'Guardian_Elite',
 'Guenter',
 'Gulshan',
 'GummiJay',
 'Gurucharan',
 'Guruprasad',
 'Gustavo',
 'H24',
 'HAPPYMAMMA',
 'HH',
 'HL',
 'HMK',
 'HOMTV',
 'HOSPAZ',
 'HYGIEIA',
 'H_Fadaee',
 'H_konti',
 'HadrianKross',
 'Haenmar',
 'Hamadryad',
 'HappyMcHappy',
 'Happyman',
 'Harmonic',
 'Harriet',
 'Harsh',
 'Harshil',
 'Hasampouli',
 'HassaanQadir',
 'Hauns',
 'Hazelnut',
 'Hazza',
 'HealCo',
 'Health',
 'HealthAnxiety',
 'Healthwire',
 'Heather',
 'Helen',
 'Helene',
 'HelpOverseas',
 'Hemant',
 'Henry',
 'Herbert',
 'Herodote1789',
 'Hessie',
 'Heydiddledee',
 'Heyjay21',
 'HighlandWAG',
 'Hilary',
 'Hiro',
 'HistoryCulture',
 'Hof',
 'Honore',
 'Hoskins',
 'HouseOfGab',
 'HughMan',
 'Hugo',
 'HumanTouch',
 'Humeyra',
 'Hunzai',
 'Huriye',
 'IAmIndia',
 'IBK',
 'ICCIA',
 'ICCIMA',
 'IFC',
 'IKIGAI',
 'ILKHA',
 'IN',
 'INFOTONLINE',
 'IOMED',
 'IP_Man',
 'ISGlobal',
 'ITCSydney',
 'ITdistri',
 'IYOPS',
 'IamTHAL',
 'IamWatchingYou',
 'Iamindian',
 'Ian',
 'Iddy',
 'Idilay',
 'Imagini',
 'Incognito',
 'Inder',
 'IndiGenous',
 'IndiaObservers',
 'IndiaScience',
 'IndiaSpend',
 'IndiaToday',
 'IndiainSlovenia',
 'Indiatimes',
 'Info99',
 'InfoCommIndia',
 'Infocom',
 'Iniobong',
 'Iniya7010',
 'InsideTelecom',
 'Insider',
 'Intalere',
 'IntelScout',
 'Invstr',
 'Iran',
 'Iran_Newsroom',
 'Irishman1980',
 'Irry',
 'Isokaze',
 'Issa',
 'ItsJustSteve',
 'IvStaikova',
 'J',
 'JARamirez',
 'JARosenberg',
 'JD',
 'JDN',
 'JDP',
 'JG',
 'JJ',
 'JM',
 'JOS1957',
 'JP',
 'JPierceA',
 'JR',
 'JS',
 'JT',
 'JV',
 'JWrae',
 'Jacaranda',
 'Jack',
 'JackieGoldTV',
 'Jade',
 'Jaideep',
 'JajaBoom',
 'James',
 'JamesM',
 'JaneDoeMD',
 'Janet',
 'Janice',
 'JanineMeyburgh',
 'Jash',
 'Jasmine',
 'Jason',
 'Jatin',
 'Javihot',
 'Jay',
 'JayKayYes',
 'Jayapriya',
 'Jeannie',
 'Jeff',
 'Jeffy',
 'Jemima',
 'Jen',
 'JenEyreCosplay',
 'Jeneffy',
 'Jennifer',
 'JenniferUhrlaub',
 'JennyPenny',
 'Jeremy',
 'Jerome',
 'Jerwin',
 'Jess',
 'Jessica',
 'Jetmike',
 'JiaSariya',
 'Jignesh',
 'Jill',
 'Jim',
 'JimMason',
 'JimiK',
 'Jimmy',
 'Jkysze',
 'Jo',
 'JoJo',
 'Joanbeam3000',
 'Joe',
 'Joe1970',
 'JoeRo',
 'Joeeeee',
 'Joeistherealest',
 'Jogulamba',
 'John',
 'Johnjohnjohn',
 'Johnny',
 'JohnnyJBoylan',
 'Jon',
 'Jonkeo',
 'Jono',
 'Jooberloober',
 'Joolz',
 'Jordan',
 'Jose',
 'Josh',
 'Joy',
 'Jrl216',
 'JuanManShow',
 'JuanaBee',
 'JuanaCarrasco',
 'Juanazazel',
 'Judith',
 'Juin',
 'Juj',
 'Jules',
 'Julian',
 'Julie',
 'Juls',
 'JungleView',
 'JustJulz',
 'JustMe',
 'Just_aGuy',
 'JusticeForAll',
 'Justin',
 'Juuu',
 'JyOTHisH',
 'K',
 'KARRYON',
 'KD',
 'KFIR',
 'KHuntson',
 'KITALEXA',
 'KJ97SanAntonio',
 'KMP',
 'KP',
 'KPax',
 'KSomeshkumar',
 'KT',
 'KWLyricist',
 'Kaalia',
 'Kabira',
 'Kajal',
 'Kalani',
 'KalhanRan',
 'Kalyaan',
 'Kamesh',
 'Kanak',
 'KananiFong',
 'Kandice',
 'Kanto',
 'Karan',
 'Karina',
 'Karl',
 'Karlos',
 'Kartikeya',
 'Kas',
 'Kasty',
 'Kat',
 'Kate',
 'Kathleen',
 'Kathy',
 'Katie',
 'Katphiche',
 'Katy',
 'Kausik',
 'Kaustubh',
 'Kelen1420',
 'Kelli',
 'Kelly',
 'Kenan',
 'Kerryann',
 'Keshav',
 'Ketan',
 'Kev',
 'Kevin',
 'Kevin_L',
 'Key',
 'Khalid',
 'Khushi',
 'Kian',
 'Kianoush',
 'Kikkay',
 'Kiko',
 'KillingEve',
 'Kimberly',
 'Kimmie',
 'Kimmy',
 'KinderBueno',
 'KingAceSuited',
 'KingResearch',
 'Kirandeep',
 'KiratLalla',
 'Kirste',
 'Kisha',
 'Kissycamp',
 'KnoWEwell',
 'Knowz',
 'Koala',
 'Koinsbase',
 'Korin',
 'KostOne',
 'Krishna',
 'Krissy',
 'Kristen',
 'Kristin',
 'Kristina',
 'Kristy',
 'Krym',
 'Krystal',
 'KrystalCat',
 'Ktulhu',
 'Kushagra',
 'Kyle',
 'Kyndal',
 'L8in',
 'LABS',
 'LB',
 'LE',
 'LGcommaI',
 'LRod',
 'LaToya',
 'Lachvi',
 'LadySJMG',
 'Lainah',
 'Lala',
 'Lambert',
 'Lamya',
 'LankyLightfoot',
 'LatestLY',
 'Laura',
 'LauraHyman',
 'Lauren',
 'Lavkesh',
 'LawShelf',
 'Lawrence',
 'LeNoir',
 'Lea',
 'LeahBee',
 'Legendinvestor',
 'Leifen',
 'Lela',
 'Lena',
 'Leon',
 'Les',
 'Lesley',
 'Leslie',
 'Levi',
 'Lexie',
 'LiaisonIT',
 'Libertas',
 'LifeSurge',
 'Lila',
 'Lilian',
 'Lilou',
 'Lilygaya',
 'Lina',
 'Lindsey',
 'Lipid',
 'Liridon',
 'Lis',
 'Lisa',
 'Lisah',
 'Lishka',
 'Listener',
 'LivingZombi',
 'Liz',
 'LizzAndrykew',
 'Lizzy',
 'Lmily',
 'LockedDoc',
 'LocoParentis',
 'LokMarg',
 'LordJackass',
 'LosFelizLedger',
 'Lou',
 'Lourdes',
 'LoveBuzz',
 'Lu',
 'Lucas',
 'LuciFairy',
 'Lucifer_24',
 'Lucius',
 'Lucky',
 'Ludmyla2803',
 'Luis',
 'LuisP',
 'Luke',
 'LukeWarm',
 'Lukyluke31',
 'Lulu',
 'Lumen',
 'LunaticFringer',
 'LynGenet',
 'Lynn',
 'M4A',
 'MAJALLA',
 'MAJawed',
 'MANBEARPIG',
 'MDNewsline',
 'ME',
 'MFine',
 'MGILIJACCC',
 'MIX',
 'MJ',
 'MJay',
 'MK',
 'MKLPTR',
 'MLKellogg',
 'MLM',
 'MM',
 'MNA',
 'MR',
 'MTP',
 'MUFC',
 'Maadhyam',
 'Maanvi',
 'MacDuff',
 'MacKenzie',
 'MadameCholet',
 'Madred',
 'Madumane',
 'Maey',
 'Maggie',
 'Maggy',
 'Magzter',
 'Mahima',
 'Mahmood',
 'Mai',
 'Mak',
 'Makopo',
 'MalaCS',
 'Malee',
 'Maliha',
 'Mally',
 'Man_ki_baat',
 'Manavmehta',
 'Mani',
 'Manish',
 'Manisha',
 'ManojPandey',
 'MapInfluenCE',
 'Marco',
 'Marcos',
 'Maria21',
 'Mariam',
 'Mariamechi',
 'Mariane',
 'Marie',
 'MarieFR',
 'MarilynR',
 'Mark',
 'MarkDarcyEMT',
 'Markets',
 'Marquez',
 'Marsh4LL',
 'Mart',
 'Marta',
 'Marteshia',
 'Martin',
 'Mary',
 'Maryleboner',
 'MaskCatchers',
 'MassDevice',
 'Massy',
 'Mat',
 'Matangi',
 'Mathrubhumi',
 'Matt',
 'Matthew',
 'Maximus',
 'May',
 'MayDha',
 'Maya',
 'Mayamahmoud',
 'Mayank',
 'McD',
 'Me',
 'Meaghan',
 'Medmo',
 'Medtalks',
 'Meerkah',
 'Megan',
 'Megha',
 'Mel',
 'Melanippe',
 'Melissa',
 'Meray',
 'Mercuzio',
 'MessyB',
 'Metal_Militia',
 'Mi_KAM',
 'Michael',
 'MichaelSDeVries',
 'Michailsantosh',
 'MicheleAmabile',
 'Michelle',
 'Mick',
 'MicrobesInfect',
 'Microscope',
 'Migdalia',
 'Miguel',
 'Mihir',
 'Mikael',
 'Mike',
 'Mikee',
 'Milena',
 'Mili',
 'Milla',
 'Millen',
 'Milleslaurent',
 'Milo',
 'MiltonReporter',
 'MimiKelley',
 'MimiMD83',
 'Mind_Jedi',
 'MineralDoc',
 'Minett',
 'Minette',
 'Mint',
 'MirelaMonte',
 'Mirjam',
 'MissZombee',
 'Mitch',
 'Mo',
 'MoMoD',
 'MochaCytoma',
 'ModLover',
 'Modena',
 'Moe',
 'Mohan',
 'Momzamess',
 'MonChito',
 'Mona',
 'Monali',
 'Monalisa',
 'Money9',
 'MoneyXpress',
 'Monikita',
 'MontefioreMMG',
 'Monti',
 'Mortina',
 'Moushka_K',
 'Moustache',
 'Moutarde',
 'MrF',
 'MrX',
 'Mr_Sean_LCSW',
 'MuesliBrown',
 'Muhit',
 'Mukund',
 'MultiGrainKat',
 'Murf',
 'MushafirSS',
 'Musky',
 'Mustafa',
 'Mwendamberi',
 'MyKoncepts',
 'MyNation',
 'MyRizal',
 'MyS',
 'MynK',
 'Myra',
 'NAGA',
 'NAMAHA',
 'NAMELESS',
 'NARAYAN',
 'NATO',
 'NDTV',
 'NETechjobs',
 'NEWS9',
 'NEWSBLARE',
 'NHPC',
 'NIRUPAM',
 'NOLAgigi',
 'NOOKSLIST',
 'NR',
 'NUTHPaedDerm',
 'NVGirl',
 'NYCTaxiCabTales',
 'NYDFS',
 'NYSDEC',
 'NYSDOT',
 'NYSERDA',
 'NYSIF',
 'NYSOPDV',
 'NYSPTA',
 'Naad',
 'Nachiketa',
 'Nagashi',
 'Namit',
 'NanaRulez',
 'Nandita',
 'Nando',
 'Nangle',
 'NasNaz',
 'NascoHealthcare',
 'Nashaway',
 'Nasra',
 'Natalie',
 'Nataruma',
 'Naveen',
 'Navid',
 'Navneetlife',
 'Neel',
 'Neelam',
 'Neetesh',
 'Neha',
 'NekoRook',
 'Nelson',
 'Neo',
 'Neoluddite',
 'Neptune78',
 'Nevanji',
 'NewAgeGal',
 'Newday',
 'News12HV',
 'News12LI',
 'News12WC',
 'News18',
 'News4Readers',
 'News925',
 'NewsBlog',
 'NewsBytes',
 'NewsClick',
 'NewsFlicks',
 'NewsFreak',
 'NewsGram',
 'NewsHamster',
 'NewsMeter',
 'NewsMobile',
 'Newsexpresspost',
 'NewsforAll',
 'Newsrand',
 'Newssence',
 'NewstalkFM',
 'Newstip',
 'NiGHTSKY',
 'Niamh',
 'Nic',
 'Nick',
 'Nico',
 'Nicola',
 'Nicole',
 'Nik',
 'Nika',
 'Niket',
 'Nikhil',
 'Nikita',
 'Nikki',
 'NikkiJM',
 'Niko',
 'Nikunj',
 'Nilesh',
 'Nileshwar',
 'Nimesh',
 'Ninjamonkey',
 'Niraj',
 'Nirav',
 'Nireus',
 'Nishad',
 'Niya1',
 'NoGunsJustGuts',
 'NoRisk_NoReward',
 'Noble',
 'Noelette',
 'Noreen',
 'Norward',
 'Not_Elsie',
 'Nufaie',
 'Numadic',
 'Nunidcute',
 'Nyayasthan',
 'OCTO',
 'OMIG',
 'OPWDD',
 'ORF',
 'OWgirl',
 'OX',
 'Observer',
 'Oceanner',
 'Ocugen',
 'Odin',
 'OldTownClyde',
 'Olivier',
 'Oluwasegun',
 'Omarri',
 'Omkar',
 'Omniverse',
 'OnBRM',
 'Oncoblogger',
 'OneCricket',
 'OneIndia',
 'OnionBeer',
 'OpinYon',
 'Opoyi',
 'Origa',
 'Orkun',
 'Outis',
 'OutofTweet123',
 'OutsidethePan',
 'Outspoken',
 'Owl',
 'OwlOfAthena',
 'Ozymandias',
 'P',
 'PAINFREEPARENTS',
 'PARAS',
 'PARASURE',
 'PArti',
 'PBO',
 'PEN',
 'PENSIL',
 'PETA',
 'PHI',
 'PISM',
 'PKfromKNR',
 'PRANSHUL',
 'PRAVEEN',
 'PRIDE',
 'PRanam',
 'PS',
 'PXSS',
 'Pablo',
 'Paige',
 'Pake',
 'Pallavi',
 'Pam',
 'Pamhemmer',
 'PanAfricanist',
 'PanaTimes',
 'Pandaily',
 'Pandemonium',
 'Pandorian',
 'PantheraLeo013',
 'Panthil',
 'Papo',
 'PappyKnappy',
 'Paps',
 'Paquin2',
 'Paradox',
 'ParamedicLou',
 'ParuChirps',
 'Pat',
 'Patel',
 'Patricia',
 'Patrick',
 'PattyJ',
 'Paul',
 'PaulParker',
 'Paulette',
 'Paulloveslife',
 'Pavan',
 'Pavel',
 'Pebls',
 'PeggyER',
 'PenguinPonics',
 'PeopleBuzz',
 'Perceptive',
 'Percy',
 'Perseverance',
 'Perspective',
 'PeteS',
 'Peter',
 'PeterPan',
 'PeterQ',
 'Pharm2Market',
 'PharmaCommerce',
 'PharmaScholar',
 'PharmaSense',
 'Phil',
 'PhilNews',
 'Phill',
 'Phillip',
 'PhillyMeg',
 'PhotoTelegram',
 'PiecesOfReeces',
 'Pimlico',
 'Pipnotic',
 'Pistache',
 'Plugged',
 'Plus500',
 'PlushCare',
 'Poha_Jalebi',
 'Pokermask',
 'PolSciEconSalsa',
 'Policenama',
 'PolicyCrush',
 'Politiko',
 'Polly',
 'Pooky',
 'Poppenkast',
 'PortCalls',
 'Pradeep',
 'Pradip',
 'Prady',
 'Pragativadi',
 'Pranavsinh',
 'PrasunMishra',
 'Pravin',
 'PrawphitOnPoint',
 'PrestigeWW',
 'PretoriaLIVE',
 'Prevailion',
 'PrijsVerschil',
 'Prince1Keith',
 'Pritam',
 'ProfD',
 'Prvn',
 'Puff',
 'Puglover',
 'Puixxx',
 'PulseToday',
 'Punkzzz',
 'Pushp',
 'Pwoodside',
 'QantaraEN',
 'Qinduo',
 'Qingqing_Chen',
 'Questionables',
 'RABT',
 'RADHAKRISHNAN',
 'RASHE',
 'RAVEEN',
 'RD',
 'RFATibetan',
 'RINewsToday',
 'RK',
 'RKS',
 'RRaj',
 'RSR__MeriDuniya',
 'RT',
 'RaFoolGandhi',
 'RaMbHuPaLrEdDy',
 'Rachael',
 'Rachel',
 'Radix',
 'Rafael',
 'Rahul',
 'Rainbow',
 'Raj',
 'RajaMedha',
 'Rajagopalan',
 'RajdeepPaulus',
 'RajiAiyer',
 'RajivJain',
 'Rajkumar',
 'Rajprasong_News',
 'Raju',
 'Raker',
 'Ralph',
 'RalphGM',
 'Ram',
 'Raman',
 'Rameen',
 'Ramona',
 'RamuKaka',
 'Rana',
 'Rand',
 'Randhir',
 'RandomNews',
 'Ranger',
 'Ranjit',
 'RaoulMartinezTV',
 'RapidLeaks',
 'Ras_le_bol',
 'Rashmi',
 'Rasmi',
 'Ratnakar',
 'Ravi',
 'Ravid',
 'Ravindran',
 'Rayvon',
 'Raza',
 'ReachMD',
 'RealPolitikWest',
 'Realist',
 'Rebecca',
 'Red',
 'Redas',
 'ReduceTheStupid',
 'Rehman',
 'ReilMeUp',
 'Reina',
 'Ren',
 'ResearchPool',
 'Resilience',
 'RetroVirox',
 'Revati',
 'RexRexhmati',
 'Rhi',
 'Rhodders',
 'RibelleGS',
 'RichardRueda',
 'Ricky',
 'Riddle',
 'RightVision',
 'Riley',
 'RiseUpWorldwide',
 'Rishabh',
 'Rita_eldaher',
 'Ritun',
 'RiverRising',
 'Rizwana',
 'Rks',
 'Ro',
 'Rob',
 'Roberta',
 'Roberto',
 'Rochelle',
 'Roger',
 'RohanKumar',
 'Rohini',
 'Rok',
 'Roller',
 'Rolls',
 'RomainMasson',
 'Roman',
 'Ronnie',
 'Ronnykorb',
 'Roopesh',
 'Rosemary',
 'Rouba',
 'Roxie',
 'Roya',
 'RoyaNewsEnglish',
 'Ruiseach',
 'Rumi',
 'Runner_027',
 'Ruptly',
 'Russ',
 'Rustler',
 'Ruth',
 'RuthWillers',
 'Ruturaj',
 'Ryan',
 'S',
 'SA',
 'SAM',
 'SAMD',
 'SANDEEP',
 'SATPAL',
 'SEOEXPO',
 'SFDukie',
 'SFLiberal',
 'SFTweets',
 'SFVaughn',
 'SHABLAH',
 'SIDDHARTH',
 'SIDP',
 'SIERRAEYESALONE',
 'SJB',
 'SKS',
 'SL',
 'SMB',
 'SNasser',
 'SOMBERAMARATH',
 'SPY',
 'SS',
 'SSF',
 'SSS',
 'ST',
 'STAT',
 'SUMIGA',
 'SXMCanadaTalks',
 'Sa',
 'Sab',
 'Sabrina',
 'Sachin',
 'Sadhana',
 'Sadiajaved',
 'Sahana',
 'Saher',
 'Sai',
 'Saikrupa',
 'Salmakaveli',
 'Salz',
 'Sam_RN',
 'Sam_koch',
 'Samael',
 'Samantha',
 'Samanyanga',
 'Sameer',
 'Samjm',
 'Samsa',
 'Samsara',
 'San',
 'Sanah',
 'Sanchez',
 'SanctionsAML',
 'Sandeep',
 'Sandip',
 'Sandunes',
 'Sandy',
 'Sandyspeaks',
 'Sanje',
 'SankaPadma',
 'Sankalp',
 'SantaMartin',
 'Santaner',
 'Santaniego',
 'SanthanamVaidya',
 'Sanyukta',
 'Sara',
 'Sarah',
 'Sarcastic_Vibs',
 'Sargy',
 'Sauchenie',
 'SavsMom',
 'SciNews',
 'Sciencemint',
 'Scotslassie56',
 'Scott',
 'ScottCNoble',
 'ScottFliesCAK',
 'Scrabbl',
 'ScrappyTrails',
 'Sea',
 'Seashells',
 'Seb',
 'SecondWave',
 'SeekEr',
 'Seenukara',
 'Sefora',
 'Segmentata',
 'Sepp',
 'SeriouslyOMGWTF',
 'Servetel',
 'Seshadri',
 'SgtMom',
 'ShadowPMOIndia',
 'Shaikars3',
 'Sham',
 'Shamee',
 'ShanghaiEye',
 'Shannon',
 'Shanzillaaa',
 'ShapeUpKing',
 'ShardsOfNarsil',
 'ShareAPodcast',
 'Sharlene',
 'Sharon',
 'Shashi',
 'Shathyanaraynan',
 'ShawnKimberly',
 'Shayelli',
 'Shayna',
 'Shaz59',
 'Shazia',
 'Shelley',
 'Shelly',
 'Shemia',
 'Sheree',
 'Sherri',
 'Sherry',
 'Shil',
 'Shilanjan',
 'Shinchan',
 'Shiree',
 'Shivaay',
 'Shivam',
 'Shivamani',
 'Shivu',
 'Shraddha',
 'Shradha',
 'Shrekmegee',
 'Shrupti',
 'Shubham',
 'Sibelle',
 'Sidboylol',
 'Siddhant',
 'Siddharth',
 'Sidney',
 'SigneticMVS',
 'Sikreto',
 'Silky',
 'Silvia',
 'Simo',
 'Simon',
 'Simplify360',
 'Simsa',
 'Singh',
 'Sirkazam',
 'Sirr29',
 'SisuCare',
 'Skeikhali',
 'Skipper',
 'Sks',
 'Sky',
 'SkyDvr',
 'Skylar',
 'Skywalker',
 'Smalhotra',
 'SmartWatch',
 'Smartmoney',
 'Smiles',
 'Smithjosephh',
 'Sn00pster',
 'SnarkyGrandpa',
 'Snooky',
 'Sociability',
 'SodusTrends',
 'Sofi',
 'Solange',
 'Sollencia',
 'Sommelier_Cat',
 'Soniapohare',
 'SonicHammer',
 'Sonja',
 'Sooryansu',
 'Sophia',
 'Sophie',
 'Soso',
 'SottoZen',
 'Southernfly',
 'Spazzy',
 'Spirit',
 'Splainer',
 'Splatsin',
 'Splatzap',
 'Splco',
 'Sportsnurse23',
 'Spot',
 'Spotlight',
 'SpringML',
 'Springprincess',
 'Sputnik',
 'SquashedKitty',
 'Sreehari',
 'Sri',
 'Srihari',
 'Ssrfan',
 'Stacey',
 'Stanley_Walker',
 'Starina',
 'Starsailoress',
 'Statecraft',
 'StateofMind',
 'Stayace',
 'Stef',
 'Stefan',
 'Steph',
 'Stephen',
 'Stephenott',
 'Steve',
 'SteveM',
 'StevenH',
 'Strayt',
 'Stuart',
 'StumpTheRabbi',
 'SuGrant',
 'Subbu',
 'Subhra',
 'Subi',
 'Sucharita',
 'Suchi',
 'Sudarshan',
 'Sudharsan',
 'Sue',
 'Sugato',
 'Sukesh',
 'SumanthUllod',
 'Sumit',
 'Summer',
 'SunChaser',
 'SunMar',
 'Sunaina',
 'Sunda',
 'Sunny',
 'SunstarTV',
 'SuperKid',
 'Surendra',
 'Sushrita',
 'Susie',
 'Suzy',
 'SvahaUSA',
 'Swanand',
 'SwePost',
 'SynGlyphX',
 'SyntaxError',
 'SyringesnStocks',
 'Syx2s',
 'T',
 'TBN',
 'TBeers',
 'TC',
 'THEMBA',
 'THH70',
 'THiNKTaNK',
 'TJ',
 'TNT',
 'TRouBLeMaKeR',
 'TSPstrategies',
 'TVTEDDY',
 'TXCOVIDRECOVERY',
 'Tafrishaala',
 'TaiJoh',
 'Talestomyself',
 'TalkMarkets',
 'TamilNdotcom',
 'TanGriffith',
 'Tariq',
 'Tattoo',
 'Tay',
 'TaylorSummers',
 'Tazeen',
 'TecHPEIndia',
 'Tech2',
 'TechDoctor',
 'TechGraph',
 'TechLibre',
 'TeeDee',
 'Teekay',
 'Tejas',
 'Telugu360',
 'Terena',
 'Teroshio',
 'Teus',
 'Tex8Down',
 'TexasPatriot',
 'TheCivilEyes',
 'TheDen',
 'TheDoktur',
 'TheDrunkenTenor',
 'TheEldonKelly',
 'TheGistDay',
 'TheGreyAmbition',
 'TheLadyEagle',
 'TheLeo',
 'TheLiveMirror',
 'TheMadrasEye',
 'TheNewsHOOK',
 'TheNextMove',
 'TheOneTrueGod',
 'ThePILLARS',
 'ThePatriot',
 'TheRag',
 'TheSarcasticGuy',
 'TheSource',
 'The_Nation',
 'Theloudbuzz',
 'Thickmommas',
 'ThinkDaily',
 'Thiyagu',
 'Thom',
 'Threader',
 'Thrive33',
 'ThrobinHood',
 'TickWatcher',
 'Tickeron',
 'Tigress',
 'Tim',
 'Time4Stream',
 'Timelane',
 'Tina',
 'Tintenfisch',
 'Tintin',
 'Tiskwell',
 'Tituraj',
 'Tjiyapo',
 'ToadSnob',
 'Tobin',
 'Tola',
 'Tom',
 'TomMato',
 'Tomas',
 'Tombaan',
 'Tommy',
 'Tony',
 'Tori',
 'Torrenzano',
 'ToyCruiser',
 'Traci',
 'Tracy',
 'Trading2day',
 'Travel4One',
 'Treta',
 'Trev',
 'Triumphman73',
 'Triviaposts',
 'TrueCoverage',
 'Truescoopnews',
 'TruthBeTold',
 'TruthSeeker',
 'Truthsifter',
 'Tumelo',
 'Tweetbloke',
 'Twinsplustwo',
 'TwistedMind',
 'Tyler',
 'UAEVOICE',
 'UCPCC',
 'ULUBATLI',
 'UMakeMeSmileXO',
 'UN',
 'UNRESERVED',
 'USCitizen',
 'U_Tribune',
 'Udayavani',
 'Ududu',
 'UkraineWorld',
 'Umer',
 'Unanimous',
 'UnderTheRadars',
 'Unshackled',
 'Urlofcork',
 'Ushapriya',
 'V2',
 'V4NA',
 'VEBLR',
 'VEEP',
 'VENTILATOR',
 'VJA',
 'VK',
 'VSRIDHAR',
 'VUBBLE',
 'Vaibhav',
 'Vaibhav98',
 'Vakratunda',
 'Valene',
 'Valfromvan',
 'Vallabhan',
 'Vanessa',
 'Vanshaj',
 'Varatharajan',
 'Vasiliy',
 'Vaughn',
 'VavoDigital',
 'VaxPro',
 'Vdonna',
 'Ved',
 'Vero',
 'Vetri',
 'ViBEZ',
 'ViEli',
 'Vickie85',
 'Vicky',
 'VictorMeldrew',
 'Victoria',
 'Victorian',
 'Vidocracy',
 'ViewsOfficial',
 'Viglya',
 'Vignesh',
 'Vijay',
 'VikMc',
 'Vikas',
 'Vikash',
 'Vikaso',
 'Vikraant1503',
 'Viliman',
 'Vinayak',
 'Vince',
 'VinceZA',
 'Vincenzo',
 'Vineetaa',
 'Vinwatford',
 'Viper',
 'Vishal',
 'Vitalijus',
 'Vivekanand',
 'Vivian',
 'Vivid',
 'Vix',
 'VoiceAajkal',
 'Volley4Lyf',
 'Vonnice',
 'Vonnie',
 'Voralogy',
 'VoxPost',
 'VoxUkraine',
 'Voxeurop',
 'W1LDE',
 'WAFB',
 'WERIEVENTS',
 'WJJH',
 'WS',
 'Wahlwiener',
 'Waldorf',
 'Wallstreetsbets',
 'Walpic',
 'Walshy',
 'WanDi',
 'Wanderer',
 'Warren',
 'WarringahViVa97',
 'Warrioruk1',
 'Watcher',
 'Watchman',
 'Wawa99',
 'WaynePeate',
 'We6',
 'WealthPK',
 'WellStone',
 'WelweteenWabbit',
 'Werindia',
 'Westlake',
 'WherezWaldo',
 'Whitney',
 'Whytheliesuk',
 'Wika',
 'WikiAnons',
 'Wildreamz',
 'William',
 'William_G',
 'Williamsnews24',
 'Wirally',
 'WiseDime',
 'WittyChicksBlog',
 'Wizzy',
 'WordTale',
 'WorldMap1',
 'WorldWatcher',
 'Worldcrunch',
 'WriteCaliber',
 'XO',
 'XallyWho',
 'Xonymous',
 'Xukki',
 'YaSiR',
 'YadiG',
 'Yani',
 'Yasin',
 'Yazhini',
 'Yellow',
 'Yesenia',
 'Yogiji',
 'Yolanda',
 'You',
 'YoungMedic',
 'Yousef',
 'Youth4BJP',
 'Yugen',
 'Yuvrajuv444',
 'Zaara',
 'Zach',
 'Zai',
 'Zany',
 'Zara',
 'Zee',
 'Zemire',
 'Zena',
 'Zeptobars',
 'ZimEye',
 'ZomBeez',
 'ZouYue',
 'Zoya',
 '_blank_',
 '_jm',
 '_joanne10',
 'a',
 'aPRIMEnumber',
 'abc',
 'actionable',
 'adamstephflash',
 'aditi',
 'adllewellyn',
 'agentofsmile',
 'aircargoeye',
 'airworldservice',
 'ak',
 'akalaka',
 'akeel',
 'aktSEAN',
 'alakshya',
 'alby13',
 'alex',
 'alexa',
 'alltwin',
 'alntal',
 'americanbull',
 'anconeus',
 'andy',
 'anne',
 'anne717',
 'antielabhk',
 'antonio',
 'anuradha',
 'appdigitalcloud',
 'arkansassy',
 'ashish',
 'ashley_awesome',
 'asrinfo',
 'autoicare',
 'bangkokdave',
 'bangkokscoop',
 'barraseaclaid',
 'becci',
 'becky',
 'bells',
 'betty',
 'bhalla',
 'biostockGuru',
 'blahblah2020',
 'blogthatanswer',
 'blythe_scott_',
 'bpbrother',
 'bran',
 'brendacolby',
 'brownsvillenews',
 'businessline',
 'bustylarooo',
 'buttondownrob',
 'buuchin',
 'cb',
 'cbjnsr15',
 'cdorobek',
 'celinafabrizio',
 'chanel13_',
 'channelchek',
 'cheesemozza',
 'chilternbear',
 'chixie',
 'chris',
 'cindi',
 'circleofmamas',
 'clementfx',
 'clevelandwest',
 'cnielsen',
 'colmcobb',
 'covid19indiaorg',
 'crankandpiston',
 'cwrb1',
 'cykaniki',
 'cyungmann',
 'dadasgist',
 'damatriarch06',
 'dani',
 'danica',
 'darahhansen',
 'daveminyo',
 'davidfmbca',
 'dawnymock',
 'debookie',
 'deepsavaliya',
 'deirdre1952',
 'digitalmovies07',
 'doc_rna',
 'doingmypartCO',
 'dostifm98',
 'drLogo',
 'drbarbour',
 'drjana',
 'drpramodkumar',
 'drur',
 'dvoineskosmd',
 'eWizard',
 'editorji',
 'eimearmccarthy',
 'elainepreston57',
 'ema',
 'emikoS',
 'emily',
 'enigma',
 'eos',
 'epaul',
 'eric',
 'esme',
 'everythingbagel',
 'exiledindian',
 'ferlen',
 'fluglehrer',
 'francisthomas',
 'francois',
 'funrreal',
 'g',
 'gauri',
 'gayesanders',
 'gchim',
 'ghostie',
 'giulia',
 'gohchoonfu',
 'gooskigo',
 'gp',
 'graeme',
 'guide2dubai',
 'hahah',
 'hannahsherilyn',
 'harrison',
 'heartofblue',
 'hedi',
 'helenthompson',
 'hewiak',
 'hiphipharesh',
 'hmmmmm',
 'holly',
 'hopeb4change',
 'hve',
 'iAMaDesigner',
 'iCapture',
 'iCase',
 'iNewsroom',
 'iNvest43',
 'iPlasma',
 'iTsmeFC',
 'iambadbitch',
 'iamtombaker',
 'ibrahim',
 'icecoldmaverick',
 'idroftnom',
 'iitm',
 'iksule',
 'illiMe',
 'imdatqueen409',
 'industrialpc',
 'innovative_zone',
 'inspiration',
 'intothebigworld',
 'investorinme',
 'iroL',
 'irtapil',
 'jacaranda',
 'jack',
 'jackiinj',
 'jackmaypole',
 'jamir',
 'jassi',
 'jawadabbasi',
 'jaxxmanc',
 'jerrythomas',
 'jessickazul',
 'jessssssss',
 'jessticles',
 'jessywinner',
 'jesusD',
 'jezza',
 'jiGNONYM',
 'jiggslikesphish',
 'jim',
 'jimmahar',
 'jimmy',
 'jj2k20',
 'jjsteinberg',
 'jk',
 'jkrish',
 'jocelyn',
 'joho',
 'join_zoe',
 'joliclown',
 'jovienaje',
 'jsavill',
 'justraps',
 'jyves94',
 'kabir100mani',
 'kamret',
 'kangana',
 'karbonkers',
 'karthik',
 'karthik_Learner',
 'kas_41',
 'kase101austin',
 'kashyap',
 'katie',
 'katy',
 'kc',
 'kdowney',
 'keala',
 'kel',
 'kendis',
 'kenny',
 'khalilminawi',
 'kharli',
 'khushant',
 'kirsche',
 'kkm',
 'knicknack',
 'kryschurchill',
 'kudos2writers',
 'kukarma',
 'kwinews',
 'kylie',
 'ladykrick',
 'lagospress',
 'laikastyle',
 'lalaland',
 'leslie',
 'lifeisgood',
 'lifevision',
 'lindseyoneil',
 'littlepashi',
 'lobhtatntra',
 'lorojoro',
 'lydiajeanette',
 'lysa',
 'lyss',
 'maddymaddy2021',
 'madhucreation',
 'madisyn',
 'maic',
 'mamianagenjin',
 'manav',
 'manipadstudio',
 'manjira',
 'manongvlogs',
 'marfredo',
 'margaret',
 'margaretmtsweni',
 'maria',
 'marshall',
 'marydejevsky',
 'masiva',
 'matigraffi',
 'me',
 'meeskrees',
 'melanomanetwork',
 'meliorcm',
 'melistyle',
 'meriii',
 'michael',
 'michiexile',
 'mikar',
 'milk',
 'millhouse',
 'mimsRN',
 'minxnicki',
 'mj',
 'mj_sparrow',
 'mom21',
 'monika_dutt',
 'moonman',
 'mootaz',
 'morgan',
 'mrPlamp',
 'mswendyb',
 'muffin',
 'mutewitness',
 'mxu',
 'naashonomics',
 'nabardeakharin',
 'nan',
 'nanzilla',
 'nasrine',
 'nate',
 'neli_b',
 'newsblunt',
 'newsmexicocommx',
 'ng0tkul4',
 'nidhi',
 'niickgeo',
 'nilotpal',
 'nithya',
 'noleast5',
 'nonsumdignus',
 'ob_servant',
 'ocalakay',
 'odiecher',
 'odishabiznews',
 'ogyoungblood',
 'olliemeyer',
 'onecaribbeantv',
 'opposablethumbs',
 'ormiga',
 'osheila',
 'osteoarch',
 'ourvapii',
 'outtherebad',
 'owhy3',
 'oyecomovapart2',
 'p',
 'paavarkafry',
 'pacoblanco',
 'pamcotton',
 'pasthi',
 'patriot_X',
 'paul',
 'pdjmoo',
 'peanut',
 'pearlharbor2020',
 'perron',
 'person',
 'peter',
 'petrvs',
 'philfexCICLADO',
 'pillaimk',
 'planetB',
 'pm_but_not_pm',
 'pmiloro',
 'pocks',
 'politicalmonger',
 'porwalji10',
 'pravingandhino1',
 'pulsingbeak',
 'racheAceron',
 'radfax',
 'radhakrishnan',
 'rajat',
 'rajennair',
 'rblumel',
 're2',
 'rebelwriter57',
 'redfighad',
 'renegadexbio',
 'rhiyaya',
 'ricecracker79',
 'ricoSacto',
 'ritika',
 'roisin',
 'ronakg',
 'rooth_less',
 'ropiemasta',
 'rosethornmua',
 'rsl',
 'sabs',
 'sakshisamachar',
 'sam',
 'sameoldbob',
 'sania',
 'sara',
 'sarah',
 'sarathchandran',
 'sardeeprajdesai',
 'saroki',
 'segne',
 'senormadsen',
 'seren',
 'sg',
 'shabs',
 'shahmahdi',
 'shahzad',
 'sharfan',
 'shefalimisra',
 'sheikismail',
 'shirleymccann',
 'shitpeoplepost',
 'shivasai',
 'shouman',
 'shubhra',
 'sjgreen',
 'sk_n97',
 'skrat',
 'sliceandbites',
 'solACEdove',
 'solvere1',
 'sorbi',
 'squirrel',
 'sravan',
 'sriram',
 'starbuckgirl',
 'steve',
 'stillbitter',
 'stranger',
 'strassboss',
 'stuart',
 'sublifly',
 'sudhakar',
 'sugary',
 'sunfellow',
 'sureshgeorge',
 'susiesopinions',
 'suzannefitz',
 'swanball',
 'tammyR',
 'tango',
 'tanu',
 'tanyarani',
 'taseenb',
 'tay',
 'telherc',
 'teriobrien',
 'texaslady',
 'thatsonofjacob',
 'thea',
 'thedopesoul',
 'themocollins',
 'thepandemicwars',
 'thinkstocks',
 'thonanc',
 'thor',
 'thoughtminister',
 'totalhealth',
 'tracker',
 'trade_invest',
 'travelobiz',
 'tredeger',
 'trollisme',
 'truffesulweb',
 'tsholofelo',
 'tucker',
 'tukky_nt',
 'turiryder',
 'tv9gujarati',
 'tweeter',
 'txngirl4ever',
 'urban8create',
 'uthestory',
 'uz65',
 'uzerashah',
 'vIkaSh_PanChaL',
 'vasan',
 'venkysplace',
 'vernon',
 'vicissidude',
 'vicky',
 'vigneshbabu',
 'vipul',
 'vomerdoodle',
 'vramakanth',
 'vvparv',
 'warrior',
 'washurhands',
 'wendy',
 'wendymay',
 'westcoastguybc',
 'wethepeople',
 'wvboynga',
 'xaviercolas',
 'xdemelza',
 'xman',
 'xtinebordeen',
 'xx_Chelle_xx',
 'yany',
 'yogipedia',
 'yuit',
 'zhesting74',
 'zie',
 'zizi',
 'zzposts'
 